<?xml version="1.0" encoding="UTF-8"?>
<project-private xmlns="http://www.netbeans.org/ns/project-private/1">
    <editor-bookmarks xmlns="http://www.netbeans.org/ns/editor-bookmarks/2" lastBookmarkId="0"/>
    <open-files xmlns="http://www.netbeans.org/ns/projectui-open-files/2">
        <group>
            <file>file:/D:/Java/Caffee/src/caffee/Don_Hang.java</file>
            <file>file:/D:/Java/Caffee/src/caffee/Dat_Hang.java</file>
            <file>file:/D:/Java/Caffee/src/code/Cart.java</file>
            <file>file:/D:/Java/Caffee/src/code/Dao.java</file>
            <file>file:/D:/Java/Caffee/src/caffee/Xem_don_hang.java</file>
            <file>file:/D:/Java/Caffee/src/caffee/Tat_Ca_San_Pham.java</file>
            <file>file:/D:/Java/Caffee/src/caffee/Them_san_Pham.java</file>
            <file>file:/D:/Java/Caffee/src/caffee/Dang_nhap.java</file>
        </group>
    </open-files>
</project-private>
